Workbook
Name lol: #REF!
Name lol: #REF!
Name lol: #REF!
Name lol: #REF!
Name lol: #REF!
Name lol: #REF!
Name lol: #REF!
Name lol: #REF!
Name lol: #REF!
Name lol: #REF!
Name lol: #REF!

Sheet Monitoring

Sheet setup
A1: Chemin eNET | B1: C:\_eNETDNC
A2: Chemin de DB | B2: C:\Users\Administrator.LT-W7CSMTL-3\Documents\My Data Sources
D3: NE PAS MODIFIER CES INFORMATIONS
A5: Nom des machines | B5: _ST_HORIZONTAL
B6: HCN 1
B7: HCN 2
B8: HCN 3
B9: _ST_SWISS
B10: HARDINGE
B11: SA-32
B12: GANESH
B13: _ST_INTEGREX
B14: INTEGREX 1
B15: INTEGREX 2

Sheet Daily - CNC-01 
G1: Daily report
A2: CNC-01 | E2: Date : | G2: 41428
A6: SHIFT 1 | B6: STATUS | D6: TIME | E6: %
B7: CYCLE ON | D7: =TIME(, ,E7*28800) -> 0.24 | E7: 0.72
B8: CYCLE OFF | D8: =TIME(, ,E8*28800) -> 0.06 | E8: 0.18
B9: SETUP | D9: =TIME(, ,E9*28800) -> 0.026666667 | E9: 0.08
B10: MAINTENANCE | D10: =TIME(, ,E10*28800) -> 0 | E10: 0
B11: TOOLING | D11: =TIME(, ,E11*28800) -> 0 | E11: 0
B12: NO WORK | D12: =TIME(, ,E12*28800) -> 0.0046643519 | E12: 0.014
B13: TRAINING | D13: =TIME(, ,E13*28800) -> 0.0019907407 | E13: 0.006
B14: TOTAL | D14: =TIME(, ,E14*28800) -> 0.33333333 | E14: =SUM(E7:E13) -> 1
A15: =D7+D21+D35 -> 0.73666667 | B15: Other | D15: =SUM(D10:D13) -> 0.0066550926
A16: =17*3600+40*60+48 -> 63648 | B16: CYCLE ON | D16: =D7 -> 0.24
A17: =24*3600 -> 86400 | B17: CYCLE OFF | D17: =D8 -> 0.06
B18: =B9 -> SETUP | D18: =D9 -> 0.026666667
A20: SHIFT 2 | B20: STATUS | D20: TIME | E20: %
B21: CYCLE ON | D21: =TIME(, ,E21*28800) -> 0.21666667 | E21: 0.65
B22: CYCLE OFF | D22: =TIME(, ,E22*28800) -> 0.046666667 | E22: 0.14
B23: SETUP | D23: =TIME(, ,E23*28800) -> 0.03 | E23: 0.09
B24: MAINTENANCE | D24: =TIME(, ,E24*28800) -> 0.013333333 | E24: 0.04
B25: TOOLING | D25: =TIME(, ,E25*28800) -> 0.016666667 | E25: 0.05
B26: NO WORK | D26: =TIME(, ,E26*28800) -> 0.0066666667 | E26: 0.02
B27: TRAINING | D27: =TIME(, ,E27*28800) -> 0.0033333333 | E27: 0.01
B28: TOTAL | D28: =TIME(, ,E28*28800) -> 0.33333333 | E28: =SUM(E21:E27) -> 1
B29: Other | D29: =SUM(D24:D27) -> 0.04
B30: CYCLE ON | D30: =D21 -> 0.21666667
B31: CYCLE OFF | D31: =D22 -> 0.046666667
B32: =B23 -> SETUP | D32: =D23 -> 0.03
A34: SHIFT 3 | B34: STATUS | D34: TIME | E34: %
B35: CYCLE ON | D35: =TIME(, ,E35*28800) -> 0.28 | E35: 0.84
B36: CYCLE OFF | D36: =TIME(, ,E36*28800) -> 0.050393519 | E36: =1-E35-E39 -> 0.1512
B37: SETUP | D37: 0 | E37: 0
B38: MAINTENANCE | D38: =TIME(, ,E38*28800) -> 0 | E38: 0
B39: TOOLING | D39: =TIME(, ,E39*28800) -> 0.0029282407 | E39: 0.0088
B40: NO WORK | D40: =TIME(, ,E40*28800) -> 0 | E40: 0
B41: TRAINING | D41: =TIME(, ,E41*28800) -> 0 | E41: 0
B42: TOTAL | D42: =TIME(, ,E42*28800) -> 0.33333333 | E42: =SUM(E35:E41) -> 1
B43: Other | D43: =SUM(D38:D41) -> 0.0029282407
B44: CYCLE ON | D44: =D35 -> 0.28
B45: CYCLE OFF | D45: =D36 -> 0.050393519
B46: =B37 -> SETUP | D46: =D37 -> 0
A47: Notes:

Sheet Daily - CNC-02
G1: Daily report
A2: CNC-02 | E2: Date : | G2: 41428
A6: SHIFT 1 | B6: STATUS | D6: TIME | E6: %
B7: CYCLE ON | D7: =TIME(, ,E7*28800) -> 0.13333333 | E7: 0.4
B8: CYCLE OFF | D8: =TIME(, ,E8*28800) -> 0.09 | E8: 0.27
B9: SETUP | D9: =TIME(, ,E9*28800) -> 0.03 | E9: 0.09
B10: MAINTENANCE | D10: =TIME(, ,E10*28800) -> 0.036666667 | E10: 0.11
B11: TOOLING | D11: =TIME(, ,E11*28800) -> 0 | E11: 0
B12: NO WORK | D12: =TIME(, ,E12*28800) -> 0.0033333333 | E12: 0.01
B13: TRAINING | D13: =TIME(, ,E13*28800) -> 0.04 | E13: 0.12
B14: TOTAL | D14: =TIME(, ,E14*28800) -> 0.33333333 | E14: =SUM(E7:E13) -> 1
A15: =D7+D21+D35 -> 0.39666667 | B15: Other | D15: =SUM(D10:D13) -> 0.08
A16: =17*3600+40*60+48 -> 63648 | B16: CYCLE ON | D16: =D7 -> 0.13333333
A17: =24*3600 -> 86400 | B17: CYCLE OFF | D17: =D8 -> 0.09
B18: =B9 -> SETUP | D18: =D9 -> 0.03
A20: SHIFT 2 | B20: STATUS | D20: TIME | E20: %
B21: CYCLE ON | D21: =TIME(, ,E21*28800) -> 0 | E21: 0
B22: CYCLE OFF | D22: =TIME(, ,E22*28800) -> 0.026666667 | E22: 0.08
B23: SETUP | D23: =TIME(, ,E23*28800) -> 0 | E23: 0
B24: MAINTENANCE | D24: =TIME(, ,E24*28800) -> 0.30666667 | E24: 0.92
B25: TOOLING | D25: =TIME(, ,E25*28800) -> 0 | E25: 0
B26: NO WORK | D26: =TIME(, ,E26*28800) -> 0 | E26: 0
B27: TRAINING | D27: =TIME(, ,E27*28800) -> 0 | E27: 0
B28: TOTAL | D28: =TIME(, ,E28*28800) -> 0.33333333 | E28: =SUM(E21:E27) -> 1
B29: Other | D29: =SUM(D24:D27) -> 0.30666667
B30: CYCLE ON | D30: =D21 -> 0
B31: CYCLE OFF | D31: =D22 -> 0.026666667
B32: =B23 -> SETUP | D32: =D23 -> 0
A34: SHIFT 3 | B34: STATUS | D34: TIME | E34: %
B35: CYCLE ON | D35: =TIME(, ,E35*28800) -> 0.26333333 | E35: 0.79
B36: CYCLE OFF | D36: =TIME(, ,E36*28800) -> 0.03 | E36: 0.09
B37: SETUP | D37: =TIME(, ,E37*28800) -> 0.03 | E37: 0.09
B38: MAINTENANCE | D38: =TIME(, ,E38*28800) -> 0 | E38: 0
B39: TOOLING | D39: =TIME(, ,E39*28800) -> 0.01 | E39: 0.03
B40: NO WORK | D40: =TIME(, ,E40*28800) -> 0 | E40: 0
B41: TRAINING | D41: =TIME(, ,E41*28800) -> 0 | E41: 0
B42: TOTAL | D42: =TIME(, ,E42*28800) -> 0.33333333 | E42: =SUM(E35:E41) -> 1
B43: Other | D43: =SUM(D38:D41) -> 0.01
B44: CYCLE ON | D44: =D35 -> 0.26333333
B45: CYCLE OFF | D45: =D36 -> 0.03
B46: =B37 -> SETUP | D46: =D37 -> 0.03
A47: Notes:

Sheet Daily - CNC-03
G1: Daily report
A2: CNC-03 | E2: Date : | G2: 41428
A6: SHIFT 1 | B6: STATUS | D6: TIME | E6: %
B7: CYCLE ON | D7: =TIME(, ,E7*28800) -> 0.21333333 | E7: 0.64
B8: CYCLE OFF | D8: =TIME(, ,E8*28800) -> 0.05 | E8: 0.15
B9: SETUP | D9: =TIME(, ,E9*28800) -> 0.046666667 | E9: 0.14
B10: MAINTENANCE | D10: =TIME(, ,E10*28800) -> 0.02 | E10: 0.06
B11: TOOLING | D11: =TIME(, ,E11*28800) -> 0 | E11: 0
B12: NO WORK | D12: =TIME(, ,E12*28800) -> 0.0033333333 | E12: 0.01
B13: TRAINING | D13: =TIME(, ,E13*28800) -> 0 | E13: 0
B14: TOTAL | D14: =TIME(, ,E14*28800) -> 0.33333333 | E14: =SUM(E7:E13) -> 1
A15: =D7+D21+D35 -> 0.66666667 | B15: Other | D15: =SUM(D10:D13) -> 0.023333333
A16: =17*3600+40*60+48 -> 63648 | B16: CYCLE ON | D16: =D7 -> 0.21333333
A17: =24*3600 -> 86400 | B17: CYCLE OFF | D17: =D8 -> 0.05
B18: =B9 -> SETUP | D18: =D9 -> 0.046666667
A20: SHIFT 2 | B20: STATUS | D20: TIME | E20: %
B21: CYCLE ON | D21: =TIME(, ,E21*28800) -> 0.19333333 | E21: 0.58
B22: CYCLE OFF | D22: =TIME(, ,E22*28800) -> 0.066666667 | E22: 0.2
B23: SETUP | D23: =TIME(, ,E23*28800) -> 0.03 | E23: 0.09
B24: MAINTENANCE | D24: =TIME(, ,E24*28800) -> 0 | E24: 0
B25: TOOLING | D25: =TIME(, ,E25*28800) -> 0.043333333 | E25: 0.13
B26: NO WORK | D26: =TIME(, ,E26*28800) -> 0 | E26: 0
B27: TRAINING | D27: =TIME(, ,E27*28800) -> 0 | E27: 0
B28: TOTAL | D28: =TIME(, ,E28*28800) -> 0.33333333 | E28: =SUM(E21:E27) -> 1
B29: Other | D29: =SUM(D24:D27) -> 0.043333333
B30: CYCLE ON | D30: =D21 -> 0.19333333
B31: CYCLE OFF | D31: =D22 -> 0.066666667
B32: =B23 -> SETUP | D32: =D23 -> 0.03
A34: SHIFT 3 | B34: STATUS | D34: TIME | E34: %
B35: CYCLE ON | D35: =TIME(, ,E35*28800) -> 0.26 | E35: 0.78
B36: CYCLE OFF | D36: =TIME(, ,E36*28800) -> 0.031064815 | E36: =1-E35-E39 -> 0.0932
B37: SETUP | D37: 0 | E37: 0
B38: MAINTENANCE | D38: =TIME(, ,E38*28800) -> 0 | E38: 0
B39: TOOLING | D39: =TIME(, ,E39*28800) -> 0.042256944 | E39: 0.1268
B40: NO WORK | D40: =TIME(, ,E40*28800) -> 0 | E40: 0
B41: TRAINING | D41: =TIME(, ,E41*28800) -> 0 | E41: 0
B42: TOTAL | D42: =TIME(, ,E42*28800) -> 0.33333333 | E42: =SUM(E35:E41) -> 1
B43: Other | D43: =SUM(D38:D41) -> 0.042256944
B44: CYCLE ON | D44: =D35 -> 0.26
B45: CYCLE OFF | D45: =D36 -> 0.031064815
B46: =B37 -> SETUP | D46: =D37 -> 0
A47: Notes:

Sheet Daily - AUTOCLAVE
G1: Daily report
A2: AUTOCLAVE | E2: Date : | G2: 41428
A6: SHIFT 1 | B6: STATUS | D6: TIME | E6: %
B7: CYCLE ON | D7: =TIME(, ,E7*28800) -> 0.25333333 | E7: 0.76
B8: CYCLE OFF | D8: =TIME(, ,E8*28800) -> 0.01 | E8: =1-E7-E9-SUM(E10:E13) -> 0.03
B9: SETUP | D9: =TIME(, ,E9*28800) -> 0.046666667 | E9: 0.14
B10: MAINTENANCE | D10: =TIME(, ,E10*28800) -> 0.02 | E10: 0.06
B11: TOOLING | D11: =TIME(, ,E11*28800) -> 0 | E11: 0
B12: NO WORK | D12: =TIME(, ,E12*28800) -> 0.0033333333 | E12: 0.01
B13: TRAINING | D13: =TIME(, ,E13*28800) -> 0 | E13: 0
B14: TOTAL | D14: =TIME(, ,E14*28800) -> 0.33333333 | E14: =SUM(E7:E13) -> 1
A15: =D7+D21+D35 -> 0.64 | B15: Other | D15: =SUM(D10:D13) -> 0.023333333
A16: =17*3600+40*60+48 -> 63648 | B16: CYCLE ON | D16: =D7 -> 0.25333333
A17: =24*3600 -> 86400 | B17: CYCLE OFF | D17: =D8 -> 0.01
B18: =B9 -> SETUP | D18: =D9 -> 0.046666667
A20: SHIFT 2 | B20: STATUS | D20: TIME | E20: %
B21: CYCLE ON | D21: =TIME(, ,E21*28800) -> 0.33333333 | E21: 1
B22: CYCLE OFF | D22: =TIME(, ,E22*28800) -> 0 | E22: =1-E21-E23-SUM(E24:E27) -> 0
B23: SETUP | D23: =TIME(, ,E23*28800) -> 0 | E23: 0
B24: MAINTENANCE | D24: =TIME(, ,E24*28800) -> 0 | E24: 0
B25: TOOLING | D25: =TIME(, ,E25*28800) -> 0 | E25: 0
B26: NO WORK | D26: =TIME(, ,E26*28800) -> 0 | E26: 0
B27: TRAINING | D27: =TIME(, ,E27*28800) -> 0 | E27: 0
B28: TOTAL | D28: =TIME(, ,E28*28800) -> 0.33333333 | E28: =SUM(E21:E27) -> 1
B29: Other | D29: =SUM(D24:D27) -> 0
B30: CYCLE ON | D30: =D21 -> 0.33333333
B31: CYCLE OFF | D31: =D22 -> 0
B32: =B23 -> SETUP | D32: =D23 -> 0
A34: SHIFT 3 | B34: STATUS | D34: TIME | E34: %
B35: CYCLE ON | D35: =TIME(, ,E35*28800) -> 0.053333333 | E35: 0.16
B36: CYCLE OFF | D36: =TIME(, ,E36*28800) -> 0.04 | E36: =1-E35-E39 -> 0.12
B37: SETUP | D37: 0 | E37: 0
B38: MAINTENANCE | D38: =TIME(, ,E38*28800) -> 0 | E38: 0
B39: TOOLING | D39: =TIME(, ,E39*28800) -> 0.24 | E39: 0.72
B40: NO WORK | D40: =TIME(, ,E40*28800) -> 0 | E40: 0
B41: TRAINING | D41: =TIME(, ,E41*28800) -> 0 | E41: 0
B42: TOTAL | D42: =TIME(, ,E42*28800) -> 0.33333333 | E42: =SUM(E35:E41) -> 1
B43: Other | D43: =SUM(D38:D41) -> 0.24
B44: CYCLE ON | D44: =D35 -> 0.053333333
B45: CYCLE OFF | D45: =D36 -> 0.04
B46: =B37 -> SETUP | D46: =D37 -> 0
A47: Notes:

Sheet Daily - OVEN 101
G1: Daily report
A2: OVEN 101 | E2: Date : | G2: 41428
A6: SHIFT 1 | B6: STATUS | D6: TIME | E6: %
B7: CYCLE ON | D7: =TIME(, ,E7*28800) -> 0.086666667 | E7: 0.26
B8: CYCLE OFF | D8: =TIME(, ,E8*28800) -> 0.096666667 | E8: =1-E7-E9-SUM(E10:E13) -> 0.29
B9: SETUP | D9: =TIME(, ,E9*28800) -> 0 | E9: 0
B10: MAINTENANCE | D10: =TIME(, ,E10*28800) -> 0 | E10: 0
B11: TOOLING | D11: =TIME(, ,E11*28800) -> 0 | E11: 0
B12: NO WORK | D12: =TIME(, ,E12*28800) -> 0.15 | E12: 0.45
B13: TRAINING | D13: =TIME(, ,E13*28800) -> 0 | E13: 0
B14: TOTAL | D14: =TIME(, ,E14*28800) -> 0.33333333 | E14: =SUM(E7:E13) -> 1
A15: =D7+D21+D35 -> 0.54 | B15: Other | D15: =SUM(D10:D13) -> 0.15
A16: =17*3600+40*60+48 -> 63648 | B16: CYCLE ON | D16: =D7 -> 0.086666667
A17: =24*3600 -> 86400 | B17: CYCLE OFF | D17: =D8 -> 0.096666667
B18: =B9 -> SETUP | D18: =D9 -> 0
A20: SHIFT 2 | B20: STATUS | D20: TIME | E20: %
B21: CYCLE ON | D21: =TIME(, ,E21*28800) -> 0.19333333 | E21: 0.58
B22: CYCLE OFF | D22: =TIME(, ,E22*28800) -> 0.053333333 | E22: =1-E21-E23-SUM(E24:E27) -> 0.16
B23: SETUP | D23: =TIME(, ,E23*28800) -> 0 | E23: 0
B24: MAINTENANCE | D24: =TIME(, ,E24*28800) -> 0 | E24: 0
B25: TOOLING | D25: =TIME(, ,E25*28800) -> 0 | E25: 0
B26: NO WORK | D26: =TIME(, ,E26*28800) -> 0.086666667 | E26: 0.26
B27: TRAINING | D27: =TIME(, ,E27*28800) -> 0 | E27: 0
B28: TOTAL | D28: =TIME(, ,E28*28800) -> 0.33333333 | E28: =SUM(E21:E27) -> 1
B29: Other | D29: =SUM(D24:D27) -> 0.086666667
B30: CYCLE ON | D30: =D21 -> 0.19333333
B31: CYCLE OFF | D31: =D22 -> 0.053333333
B32: =B23 -> SETUP | D32: =D23 -> 0
A34: SHIFT 3 | B34: STATUS | D34: TIME | E34: %
B35: CYCLE ON | D35: =TIME(, ,E35*28800) -> 0.26 | E35: 0.78
B36: CYCLE OFF | D36: =TIME(, ,E36*28800) -> 0.0033333333 | E36: =1-E35-E37-SUM(E38:E41) -> 0.01
B37: SETUP | D37: 0 | E37: 0
B38: MAINTENANCE | D38: =TIME(, ,E38*28800) -> 0 | E38: 0
B39: TOOLING | D39: =TIME(, ,E39*28800) -> 0 | E39: 0
B40: NO WORK | D40: =TIME(, ,E40*28800) -> 0.07 | E40: 0.21
B41: TRAINING | D41: =TIME(, ,E41*28800) -> 0 | E41: 0
B42: TOTAL | D42: =TIME(, ,E42*28800) -> 0.33333333 | E42: =SUM(E35:E41) -> 1
B43: Other | D43: =SUM(D38:D41) -> 0.07
B44: CYCLE ON | D44: =D35 -> 0.26
B45: CYCLE OFF | D45: =D36 -> 0.0033333333
B46: =B37 -> SETUP | D46: =D37 -> 0
A47: Notes:

Sheet Daily - HCN
A1: Daily report | E1: Date : | G1: 41428
A2: HCN
A5: SHIFT 1 | D5: HOUR | E5: %
B6: CYCLE ON | D6: =TIME(, ,E6*28800) -> 0.3 | E6: 0.9
B7: CYCLE OFF | D7: =TIME(, ,E7*28800) -> 0.016666667 | E7: 0.05
B8: SETUP | D8: =TIME(, ,E8*28800) -> 0.016666667 | E8: 0.05
B9: MAINTENANCE | D9: =TIME(, ,E9*28800) -> 0 | E9: 0
B10: TOOLING | D10: =TIME(, ,E10*28800) -> 0 | E10: 0
B11: NO WORK | D11: =TIME(, ,E11*28800) -> 0 | E11: 0
B12: TRAINING | D12: =TIME(, ,E12*28800) -> 0 | E12: 0
B13: TOTAL | D13: =TIME(, ,28800) -> 0.33333333 | E13: =SUM(E6:E12) -> 1
A14: =D6+D20+D34 -> 0.67541667 | B14: Other | D14: =SUM(D9:D12) -> 0
A15: =16*3600+12*60+36 -> 58356 | B15: CYCLE ON | D15: =D6 -> 0.3
A16: =24*3600 -> 86400 | B16: CYCLE OFF | D16: =D7 -> 0.016666667
B17: =B8 -> SETUP | D17: =D8 -> 0.016666667
A19: SHIFT 2 | D19: HOUR | E19: %
B20: CYCLE ON | D20: =TIME(, ,E20*28800) -> 0.19333333 | E20: 0.58
B21: CYCLE OFF | D21: =TIME(, ,E21*28800) -> 0.066666667 | E21: 0.2
B22: SETUP | D22: =TIME(, ,E22*28800) -> 0.03 | E22: 0.09
B23: MAINTENANCE | D23: =TIME(, ,E23*28800) -> 0 | E23: 0
B24: TOOLING | D24: =TIME(, ,E24*28800) -> 0.043333333 | E24: 0.13
B25: NO WORK | D25: =TIME(, ,E25*28800) -> 0 | E25: 0
B26: TRAINING | D26: =TIME(, ,E26*28800) -> 0 | E26: 0
B27: TOTAL | D27: =TIME(, ,28800) -> 0.33333333 | E27: =SUM(E20:E26) -> 1
B28: Other | D28: =SUM(D23:D26) -> 0.043333333
B29: CYCLE ON | D29: =D20 -> 0.19333333
B30: CYCLE OFF | D30: =D21 -> 0.066666667
B31: =B22 -> SETUP | D31: =D22 -> 0.03
A33: SHIFT 3 | D33: HOUR | E33: %
B34: CYCLE ON | D34: =TIME(, ,E34*22800) -> 0.18208333 | E34: 0.69
B35: CYCLE OFF | D35: =TIME(, ,E35*22800) -> 0.031666667 | E35: 0.12
B36: SETUP | D36: =TIME(, ,E36*22800) -> 0.034305556 | E36: 0.13
B37: MAINTENANCE | D37: =TIME(, ,E37*22800) -> 0 | E37: 0
B38: TOOLING | D38: =TIME(, ,E38*22800) -> 0.015833333 | E38: 0.06
B39: NO WORK | D39: =TIME(, ,E39*22800) -> 0 | E39: 0
B40: TRAINING | D40: =TIME(, ,E40*22800) -> 0 | E40: 0
B41: TOTAL | D41: =TIME(, ,28800) -> 0.33333333 | E41: =SUM(E34:E40) -> 1
B42: Other | D42: =SUM(D37:D40) -> 0.015833333
B43: CYCLE ON | D43: =D34 -> 0.18208333
B44: CYCLE OFF | D44: =D35 -> 0.031666667
B45: =B36 -> SETUP | D45: =D36 -> 0.034305556

Sheet Daily - NCT
A1: Daily report | E1: Date : | G1: 41428
A2: NCT
A5: SHIFT 1 | D5: HOUR | E5: %
B6: CYCLE ON | D6: =TIME(, ,E6*28800) -> 0.25333333 | E6: 0.76
B7: CYCLE OFF | D7: =TIME(, ,E7*28800) -> 0.033333333 | E7: 0.1
B8: SETUP | D8: =TIME(, ,E8*28800) -> 0.036666667 | E8: 0.11
B9: MAINTENANCE | D9: =TIME(, ,E9*28800) -> 0 | E9: 0
B10: TOOLING | D10: =TIME(, ,E10*28800) -> 0.01 | E10: 0.03
B11: NO WORK | D11: =TIME(, ,E11*28800) -> 0 | E11: 0
B12: TRAINING | D12: =TIME(, ,E12*28800) -> 0 | E12: 0
B13: TOTAL | D13: =TIME(, ,28800) -> 0.33333333 | E13: =SUM(E6:E12) -> 1
A14: =D6+D20+D34 -> 0.65333333 | B14: Other | D14: =SUM(D9:D12) -> 0.01
A15: =15*3600+40+48 -> 54088 | B15: CYCLE ON | D15: =D6 -> 0.25333333
A16: =24*3600 -> 86400 | B16: CYCLE OFF | D16: =D7 -> 0.033333333
B17: =B8 -> SETUP | D17: =D8 -> 0.036666667
A19: SHIFT 2 | D19: HOUR | E19: %
B20: CYCLE ON | D20: =TIME(, ,E20*28800) -> 0.13333333 | E20: 0.4
B21: CYCLE OFF | D21: =TIME(, ,E21*28800) -> 0.086666667 | E21: 0.26
B22: SETUP | D22: =TIME(, ,E22*28800) -> 0.08 | E22: 0.24
B23: MAINTENANCE | D23: =TIME(, ,E23*28800) -> 0 | E23: 0
B24: TOOLING | D24: =TIME(, ,E24*28800) -> 0.033333333 | E24: 0.1
B25: NO WORK | D25: =TIME(, ,E25*28800) -> 0 | E25: 0
B26: TRAINING | D26: =TIME(, ,E26*28800) -> 0 | E26: 0
B27: TOTAL | D27: =TIME(, ,28800) -> 0.33333333 | E27: =SUM(E20:E26) -> 1
B28: Other | D28: =SUM(D23:D26) -> 0.033333333
B29: CYCLE ON | D29: =D20 -> 0.13333333
B30: CYCLE OFF | D30: =D21 -> 0.086666667
B31: =B22 -> SETUP | D31: =D22 -> 0.08
A33: SHIFT 3 | D33: HOUR | E33: %
B34: CYCLE ON | D34: =TIME(, ,E34*28800) -> 0.26666667 | E34: 0.8
B35: CYCLE OFF | D35: =TIME(, ,E35*28800) -> 0.026666667 | E35: 0.08
B36: SETUP | D36: =TIME(, ,E36*28800) -> 0.023333333 | E36: 0.07
B37: MAINTENANCE | D37: =TIME(, ,E37*28800) -> 0 | E37: 0
B38: TOOLING | D38: =TIME(, ,E38*28800) -> 0.016666667 | E38: 0.05
B39: NO WORK | D39: =TIME(, ,E39*28800) -> 0 | E39: 0
B40: TRAINING | D40: =TIME(, ,E40*28800) -> 0 | E40: 0
B41: TOTAL | D41: =TIME(, ,28800) -> 0.33333333 | E41: =SUM(E34:E40) -> 1
B42: Other | D42: =SUM(D37:D40) -> 0.016666667
B43: CYCLE ON | D43: =D34 -> 0.26666667
B44: CYCLE OFF | D44: =D35 -> 0.026666667
B45: =B36 -> SETUP | D45: =D36 -> 0.023333333

Sheet Daily - All
P1: Daily report
J2: DEP. AS203 | N2: Date : | P2: 41428
B5: CNC-01 | D5: HOUR | F5: CNC-02 | H5: HOUR
B6: CYCLE ON | D6: =SUM('Daily - CNC-01 '!D7+'Daily - CNC-01 '!D21+'Daily - CNC-01 '!D35)/3 -> 0.24555556 | F6: CYCLE ON | H6: =SUM('Daily - CNC-02'!E7,'Daily - CNC-02'!E21,'Daily - CNC-02'!E35)/3 -> 0.39666667
B7: CYCLE OFF | D7: =SUM('Daily - CNC-01 '!D8+'Daily - CNC-01 '!D22+'Daily - CNC-01 '!D36)/3 -> 0.052353395 | F7: CYCLE OFF | H7: =SUM('Daily - CNC-02'!E8,'Daily - CNC-02'!E22,'Daily - CNC-02'!E36)/3 -> 0.14666667
B8: SETUP | D8: =SUM('Daily - CNC-01 '!D9+'Daily - CNC-01 '!D23+'Daily - CNC-01 '!D37)/3 -> 0.018888889 | F8: SETUP | H8: =SUM('Daily - CNC-02'!E9,'Daily - CNC-02'!E23,'Daily - CNC-02'!E37)/3 -> 0.06
B9: MAINTENANCE | D9: =SUM('Daily - CNC-01 '!D10+'Daily - CNC-01 '!D24+'Daily - CNC-01 '!D38) -> 0.013333333 | F9: MAINTENANCE | H9: =SUM('Daily - CNC-02'!E10,'Daily - CNC-02'!E24,'Daily - CNC-02'!E38) -> 1.03
B10: TOOLING | D10: =SUM('Daily - CNC-01 '!D11+'Daily - CNC-01 '!D25+'Daily - CNC-01 '!D39) -> 0.019594907 | F10: TOOLING | H10: =SUM('Daily - CNC-02'!E11,'Daily - CNC-02'!E25,'Daily - CNC-02'!E39) -> 0.03
B11: NO WORK | D11: =SUM('Daily - CNC-01 '!D12+'Daily - CNC-01 '!D26+'Daily - CNC-01 '!D40) -> 0.011331019 | F11: NO WORK | H11: =SUM('Daily - CNC-02'!E12,'Daily - CNC-02'!E26,'Daily - CNC-02'!E40) -> 0.01
B12: TRAINING | D12: =SUM('Daily - CNC-01 '!D13+'Daily - CNC-01 '!D27+'Daily - CNC-01 '!D41) -> 0.0053240741 | F12: TRAINING | H12: =SUM('Daily - CNC-02'!E13,'Daily - CNC-02'!E27,'Daily - CNC-02'!E41) -> 0.12
B13: TOTAL | D13: =SUM(D6:D12) -> 0.36638117 | F13: TOTAL | H13: =SUM(H6:H12) -> 1.7933333
B14: Other | D14: =SUM(D9:D12)/3 -> 0.016527778 | F14: Other | H14: =SUM(H9:H12)/3 -> 0.39666667
B15: CYCLE ON | D15: =D6 -> 0.24555556 | F15: CYCLE ON | H15: =H6 -> 0.39666667
B16: CYCLE OFF | D16: =D7 -> 0.052353395 | F16: CYCLE OFF | H16: =H7 -> 0.14666667
B17: SETUP | D17: =D8 -> 0.018888889 | F17: SETUP | H17: =H8 -> 0.06
B19: CNC-03 | F19: Autoclave
B20: CYCLE ON | D20: =SUM('Daily - CNC-03'!E7,'Daily - CNC-03'!E21,'Daily - CNC-03'!E35)/3 -> 0.66666667 | F20: CYCLE ON | H20: =SUM('Daily - AUTOCLAVE'!E7,'Daily - AUTOCLAVE'!E21,'Daily - AUTOCLAVE'!E35)/3 -> 0.64
B21: CYCLE OFF | D21: =SUM('Daily - CNC-03'!E8,'Daily - CNC-03'!E22,'Daily - CNC-03'!E36)/3 -> 0.14773333 | F21: CYCLE OFF | H21: =SUM('Daily - AUTOCLAVE'!E8,'Daily - AUTOCLAVE'!E22,'Daily - AUTOCLAVE'!E36)/3 -> 0.05
B22: SETUP | D22: =SUM('Daily - CNC-03'!E9,'Daily - CNC-03'!E23,'Daily - CNC-03'!E37)/3 -> 0.076666667 | F22: SETUP | H22: =SUM('Daily - AUTOCLAVE'!E9,'Daily - AUTOCLAVE'!E23,'Daily - AUTOCLAVE'!E37)/3 -> 0.046666667
B23: MAINTENANCE | D23: =SUM('Daily - CNC-03'!E10,'Daily - CNC-03'!E24,'Daily - CNC-03'!E38)/3 -> 0.02 | F23: MAINTENANCE | H23: =SUM('Daily - AUTOCLAVE'!E10,'Daily - AUTOCLAVE'!E24,'Daily - AUTOCLAVE'!E38) -> 0.06
B24: TOOLING | D24: =SUM('Daily - CNC-03'!E11,'Daily - CNC-03'!E25,'Daily - CNC-03'!E39)/3 -> 0.0856 | F24: TOOLING | H24: =SUM('Daily - AUTOCLAVE'!E11,'Daily - AUTOCLAVE'!E25,'Daily - AUTOCLAVE'!E39) -> 0.72
B25: NO WORK | D25: =SUM('Daily - CNC-03'!E12,'Daily - CNC-03'!E26,'Daily - CNC-03'!E40)/3 -> 0.0033333333 | F25: NO WORK | H25: =SUM('Daily - AUTOCLAVE'!E12,'Daily - AUTOCLAVE'!E26,'Daily - AUTOCLAVE'!E40) -> 0.01
B26: TRAINING | D26: =SUM('Daily - CNC-03'!E13,'Daily - CNC-03'!E27,'Daily - CNC-03'!E41)/3 -> 0 | F26: TRAINING | H26: =SUM('Daily - AUTOCLAVE'!E13,'Daily - AUTOCLAVE'!E27,'Daily - AUTOCLAVE'!E41) -> 0
B27: TOTAL | D27: =SUM(D20:D26) -> 1 | F27: TOTAL | H27: =SUM(H20:H26) -> 1.5266667
B28: Other | D28: =SUM(D23:D26) -> 0.10893333 | F28: Other | H28: =SUM(H23:H26)/3 -> 0.26333333
B29: CYCLE ON | D29: =D20 -> 0.66666667 | F29: CYCLE ON | H29: =H20 -> 0.64
B30: CYCLE OFF | D30: =D21 -> 0.14773333 | F30: CYCLE OFF | H30: =H21 -> 0.05
B31: SETUP | D31: =D22 -> 0.076666667 | F31: SETUP | H31: =H22 -> 0.046666667
B33: Oven-101 | P33: Cycle On
B34: CYCLE ON | D34: =SUM('Daily - OVEN 101'!E7,'Daily - OVEN 101'!E21,'Daily - OVEN 101'!E35)/3 -> 0.54 | F34: CYCLE ON | H34: =SUM('Daily - NCT'!D6,'Daily - NCT'!D20,'Daily - NCT'!D34) -> 0.65333333
B35: CYCLE OFF | D35: =SUM('Daily - OVEN 101'!E8,'Daily - OVEN 101'!E22,'Daily - OVEN 101'!E36)/3 -> 0.15333333 | F35: CYCLE OFF | H35: =SUM('Daily - NCT'!D7,'Daily - NCT'!D21,'Daily - NCT'!D35) -> 0.14666667 | P35: Cycle Off
B36: SETUP | D36: =SUM('Daily - OVEN 101'!E9,'Daily - OVEN 101'!E23,'Daily - OVEN 101'!E37)/3 -> 0 | F36: SETUP | H36: =SUM('Daily - NCT'!D8,'Daily - NCT'!D22,'Daily - NCT'!D36) -> 0.14
B37: MAINTENANCE | D37: =SUM('Daily - OVEN 101'!E10,'Daily - OVEN 101'!E24,'Daily - OVEN 101'!E38)/3 -> 0 | F37: MAINTENANCE | H37: =SUM('Daily - NCT'!D9,'Daily - NCT'!D23,'Daily - NCT'!D37) -> 0 | P37: Setup
B38: TOOLING | D38: =SUM('Daily - OVEN 101'!E11,'Daily - OVEN 101'!E25,'Daily - OVEN 101'!E39)/3 -> 0 | F38: TOOLING | H38: =SUM('Daily - NCT'!D10,'Daily - NCT'!D24,'Daily - NCT'!D38) -> 0.06
B39: NO WORK | D39: =SUM('Daily - OVEN 101'!E12,'Daily - OVEN 101'!E26,'Daily - OVEN 101'!E40)/3 -> 0.30666667 | F39: NO WORK | H39: =SUM('Daily - NCT'!D11,'Daily - NCT'!D25,'Daily - NCT'!D39) -> 0 | P39: Other
B40: TRAINING | D40: =SUM('Daily - OVEN 101'!E13,'Daily - OVEN 101'!E27,'Daily - OVEN 101'!E41)/3 -> 0 | F40: TRAINING | H40: =SUM('Daily - NCT'!D12,'Daily - NCT'!D26,'Daily - NCT'!D40) -> 0
B41: TOTAL | D41: =SUM(D34:D40) -> 1
B42: Other | D42: =SUM(D37:D40)/3 -> 0.10222222 | F42: Other | H42: =SUM(H37:H40) -> 0.06
B43: CYCLE ON | D43: =D34 -> 0.54 | F43: CYCLE ON | H43: =H34 -> 0.65333333
B44: CYCLE OFF | D44: =D35 -> 0.15333333 | F44: CYCLE OFF | H44: =H35 -> 0.14666667
B45: SETUP | F45: setup | H45: 0.14

Sheet Asset 1 Trend
A2: Utilization Trend | D2: Period
A3: CNC - 01 | E3: 41277 | F3: - | G3: 41428
A5: Utilization Trend - Shift 1:
A18: Utilization Trend - Shift 2:
A31: Utilization Trend - Shift 3:

Sheet Trend - Mazat 1
A1: Mazat 1
C2: =TREND(C4:C155) -> 0.39185407 | E2: =TREND(E4:E155) -> 0.36850522 | H2: =TREND(H4:H155) -> 0.46754871
A3: Date | C3: Shift 1 | E3: Shift 2 | H3: Shift 3
A4: 41277 | B4: =B6-0.1 -> 0.181 | C4: =RAND()*0.08+B4-0.02 -> 0.1615336 | D4: =D5-0.005 -> 0.3501 | E4: =RAND()*0.2+D4-0.2 -> 0.19684053 | G4: 0.23 | H4: =RAND()*0.2+G4-0.2 -> 0.17881587
A5: =A4+1 -> 41278 | B5: =B7-0.1 -> 0.431 | C5: =RAND()*0.08+B5-0.02 -> 0.4630006 | D5: =D6-0.005 -> 0.3551 | E5: =RAND()*0.2+D5-0.2 -> 0.27508304 | G5: 0.22 | H5: =RAND()*0.2+G5-0.2 -> 0.084515328
A6: =A5+1 -> 41279 | B6: =B8-0.1 -> 0.281 | C6: =RAND()*0.08+B6-0.02 -> 0.30439525 | D6: =D7-0.005 -> 0.3601 | E6: =RAND()*0.2+D6-0.2 -> 0.2585581 | G6: 0.24 | H6: =RAND()*0.2+G6-0.2 -> 0.079414738
A7: =A6+1 -> 41280 | B7: =B9-0.1 -> 0.531 | C7: =RAND()*0.08+B7-0.02 -> 0.53376347 | D7: =D8-0.005 -> 0.3651 | E7: =RAND()*0.2+D7-0.2 -> 0.19633233 | G7: 0.32 | H7: =RAND()*0.2+G7-0.2 -> 0.30668405
A8: =A7+1 -> 41281 | B8: =B10-0.1 -> 0.381 | C8: =RAND()*0.08+B8-0.02 -> 0.42873726 | D8: =D9-0.005 -> 0.3701 | E8: =RAND()*0.2+D8-0.2 -> 0.24466859 | G8: 0.25 | H8: =RAND()*0.2+G8-0.2 -> 0.16261738
A9: =A8+1 -> 41282 | B9: =B10+0.15 -> 0.631 | C9: =RAND()*0.08+B9-0.02 -> 0.6678836 | D9: =D10-0.005 -> 0.3751 | E9: =RAND()*0.2+D9-0.2 -> 0.2355196 | G9: =G10-0.036 -> 0.2182 | H9: =RAND()*0.2+G9-0.2 -> 0.21264811
A10: =A9+1 -> 41283 | B10: =B11+0.15 -> 0.481 | C10: =RAND()*0.08+B10-0.02 -> 0.48934421 | D10: =D11-0.005 -> 0.3801 | E10: =RAND()*0.2+D10-0.2 -> 0.289118 | G10: =G11-0.036 -> 0.2542 | H10: =RAND()*0.2+G10-0.2 -> 0.086089345
A11: =A10+1 -> 41284 | B11: =B12-0.01 -> 0.331 | C11: =RAND()*0.08+B11-0.02 -> 0.35087425 | D11: =D12-0.005 -> 0.3851 | E11: =RAND()*0.2+D11-0.2 -> 0.27145304 | G11: =G12-0.036 -> 0.2902 | H11: =RAND()*0.2+G11-0.2 -> 0.17447452
A12: =A11+1 -> 41285 | B12: =B13-0.01 -> 0.341 | C12: =RAND()*0.08+B12-0.02 -> 0.32783701 | D12: =D13-0.005 -> 0.3901 | E12: =RAND()*0.2+D12-0.2 -> 0.33169607 | G12: =G13-0.036 -> 0.3262 | H12: =RAND()*0.2+G12-0.2 -> 0.30101619
A13: =A12+1 -> 41286 | B13: =B14-0.01 -> 0.351 | C13: =RAND()*0.08+B13-0.02 -> 0.33198903 | D13: =D14-0.005 -> 0.3951 | E13: =RAND()*0.2+D13-0.2 -> 0.26985305 | G13: =G14-0.036 -> 0.3622 | H13: =RAND()*0.2+G13-0.2 -> 0.30889511
A14: =A13+1 -> 41287 | B14: =B15-0.01 -> 0.361 | C14: =RAND()*0.08+B14-0.02 -> 0.3976328 | D14: =D15-0.005 -> 0.4001 | E14: =RAND()*0.2+D14-0.2 -> 0.37396304 | G14: =G15-0.036 -> 0.3982 | H14: =RAND()*0.2+G14-0.2 -> 0.27980903
A15: =A14+1 -> 41288 | B15: =B16-0.01 -> 0.371 | C15: =RAND()*0.08+B15-0.02 -> 0.35410125 | D15: =D16-0.005 -> 0.4051 | E15: =RAND()*0.2+D15-0.2 -> 0.2146306 | G15: =G16-0.036 -> 0.4342 | H15: =RAND()*0.2+G15-0.2 -> 0.40281812
A16: =A15+1 -> 41289 | B16: =B17-0.01 -> 0.381 | C16: =RAND()*0.08+B16-0.02 -> 0.37717418 | D16: =D17-0.005 -> 0.4101 | E16: =RAND()*0.2+D16-0.2 -> 0.29755283 | G16: =G17-0.036 -> 0.4702 | H16: =RAND()*0.2+G16-0.2 -> 0.4681251
A17: =A16+1 -> 41290 | B17: =B18-0.01 -> 0.391 | C17: =RAND()*0.08+B17-0.02 -> 0.38248217 | D17: =D18-0.005 -> 0.4151 | E17: =RAND()*0.2+D17-0.2 -> 0.24675677 | G17: =G18-0.036 -> 0.5062 | H17: =RAND()*0.2+G17-0.2 -> 0.41140998
A18: =A17+1 -> 41291 | B18: =B19-0.002 -> 0.401 | C18: =RAND()*0.08+B18-0.02 -> 0.42091076 | D18: =D19-0.005 -> 0.4201 | E18: =RAND()*0.2+D18-0.2 -> 0.37003954 | G18: =G19-0.036 -> 0.5422 | H18: =RAND()*0.2+G18-0.2 -> 0.52400293
A19: =A18+1 -> 41292 | B19: =B20-0.002 -> 0.403 | C19: =RAND()*0.08+B19-0.02 -> 0.39818185 | D19: =D20-0.005 -> 0.4251 | E19: =RAND()*0.2+D19-0.2 -> 0.27362203 | G19: =G20-0.036 -> 0.5782 | H19: =RAND()*0.2+G19-0.2 -> 0.47451954
A20: =A19+1 -> 41293 | B20: =B21-0.002 -> 0.405 | C20: =RAND()*0.08+B20-0.02 -> 0.43279428 | D20: =D21-0.005 -> 0.4301 | E20: =RAND()*0.2+D20-0.2 -> 0.31277734 | G20: =G21-0.036 -> 0.6142 | H20: =RAND()*0.2+G20-0.2 -> 0.49142318
A21: =A20+1 -> 41294 | B21: =B22-0.002 -> 0.407 | C21: =RAND()*0.08+B21-0.02 -> 0.39837416 | D21: =D22-0.005 -> 0.4351 | E21: =RAND()*0.2+D21-0.2 -> 0.35665399 | G21: =G22-0.036 -> 0.6502 | H21: =RAND()*0.2+G21-0.2 -> 0.56800611
A22: =A21+1 -> 41295 | B22: =B23-0.002 -> 0.409 | C22: =RAND()*0.08+B22-0.02 -> 0.39626695 | D22: =D23-0.005 -> 0.4401 | E22: =RAND()*0.2+D22-0.2 -> 0.36360748 | G22: =G23-0.036 -> 0.6862 | H22: =RAND()*0.2+G22-0.2 -> 0.64857834
A23: =A22+1 -> 41296 | B23: =B24-0.002 -> 0.411 | C23: =RAND()*0.08+B23-0.02 -> 0.45301258 | D23: =D24-0.005 -> 0.4451 | E23: =RAND()*0.2+D23-0.2 -> 0.31884585 | G23: =G24-0.036 -> 0.7222 | H23: =0.58 -> 0.58
A24: =A23+1 -> 41297 | B24: =B25-0.002 -> 0.413 | C24: =RAND()*0.08+B24-0.02 -> 0.42390722 | D24: =D25-0.005 -> 0.4501 | E24: =RAND()*0.2+D24-0.2 -> 0.38995657 | G24: =G25+0.025 -> 0.7582 | H24: =RAND()*0.2+G24-0.2 -> 0.7361383
A25: =A24+1 -> 41298 | B25: =B26-0.002 -> 0.415 | C25: =RAND()*0.08+B25-0.02 -> 0.42101022 | D25: =D26-0.005 -> 0.4551 | E25: =RAND()*0.2+D25-0.2 -> 0.40247588 | G25: =G26+0.025 -> 0.7332 | H25: =0.62 -> 0.62
A26: =A25+1 -> 41299 | B26: =B27-0.002 -> 0.417 | C26: =RAND()*0.08+B26-0.02 -> 0.46988167 | D26: =D27-0.005 -> 0.4601 | E26: =RAND()*0.2+D26-0.2 -> 0.36394417 | G26: =G27+0.025 -> 0.7082 | H26: =RAND()*0.2+G26-0.2 -> 0.64784134
A27: =A26+1 -> 41300 | B27: =B28-0.002 -> 0.419 | C27: =RAND()*0.08+B27-0.02 -> 0.40669917 | D27: =D28-0.005 -> 0.4651 | E27: =RAND()*0.2+D27-0.2 -> 0.3977891 | G27: =G28+0.025 -> 0.6832 | H27: =RAND()*0.2+G27-0.2 -> 0.55859386
A28: =A27+1 -> 41301 | B28: =B29-0.002 -> 0.421 | C28: =RAND()*0.08+B28-0.02 -> 0.44156003 | D28: =D29-0.005 -> 0.4701 | E28: =RAND()*0.2+D28-0.2 -> 0.30216289 | G28: =G29+0.025 -> 0.6582 | H28: =RAND()*0.2+G28-0.2 -> 0.63840914
A29: =A28+1 -> 41302 | B29: =B30-0.002 -> 0.423 | C29: =RAND()*0.08+B29-0.02 -> 0.40941362 | D29: =D30-0.005 -> 0.4751 | E29: =RAND()*0.2+D29-0.2 -> 0.37397431 | G29: =G30+0.025 -> 0.6332 | H29: =RAND()*0.2+G29-0.2 -> 0.51066013
A30: =A29+1 -> 41303 | B30: =B31-0.002 -> 0.425 | C30: =RAND()*0.08+B30-0.02 -> 0.46515939 | D30: =D31-0.005 -> 0.4801 | E30: =RAND()*0.2+D30-0.2 -> 0.4635888 | G30: =G31+0.025 -> 0.6082 | H30: =RAND()*0.2+G30-0.2 -> 0.55803607
A31: =A30+1 -> 41304 | B31: =B32-0.002 -> 0.427 | C31: =RAND()*0.08+B31-0.02 -> 0.42659367 | D31: =D32-0.005 -> 0.4851 | E31: =RAND()*0.2+D31-0.2 -> 0.40607174 | G31: =G32+0.025 -> 0.5832 | H31: =RAND()*0.2+G31-0.2 -> 0.50700903
A32: =A31+1 -> 41305 | B32: =B33-0.002 -> 0.429 | C32: =RAND()*0.08+B32-0.02 -> 0.47780839 | D32: =D33-0.005 -> 0.4901 | E32: =RAND()*0.2+D32-0.2 -> 0.48346586 | G32: =G33+0.025 -> 0.5582 | H32: =RAND()*0.2+G32-0.2 -> 0.52682518
A33: =A32+1 -> 41306 | B33: =B34-0.002 -> 0.431 | C33: =RAND()*0.08+B33-0.02 -> 0.44615927 | D33: =D34-0.005 -> 0.4951 | E33: =RAND()*0.2+D33-0.2 -> 0.32646967 | G33: =G34+0.025 -> 0.5332 | H33: =RAND()*0.2+G33-0.2 -> 0.4791505
A34: =A33+1 -> 41307 | B34: =B35-0.002 -> 0.433 | C34: =RAND()*0.08+B34-0.02 -> 0.43197368 | D34: =D35-0.005 -> 0.5001 | E34: =RAND()*0.2+D34-0.2 -> 0.42899519 | G34: =G35+0.025 -> 0.5082 | H34: =RAND()*0.2+G34-0.2 -> 0.34734596
A35: =A34+1 -> 41308 | B35: =B36-0.002 -> 0.435 | C35: =RAND()*0.08+B35-0.02 -> 0.47972424 | D35: =D36-0.005 -> 0.5051 | E35: =RAND()*0.2+D35-0.2 -> 0.47176112 | G35: =G36+0.025 -> 0.4832 | H35: =RAND()*0.2+G35-0.2 -> 0.4813446
A36: =A35+1 -> 41309 | B36: =B37-0.002 -> 0.437 | C36: =RAND()*0.08+B36-0.02 -> 0.44792248 | D36: =D37-0.005 -> 0.5101 | E36: =RAND()*0.2+D36-0.2 -> 0.37196717 | G36: =G37+0.025 -> 0.4582 | H36: =RAND()*0.2+G36-0.2 -> 0.39467143
A37: =A36+1 -> 41310 | B37: =B38-0.002 -> 0.439 | C37: =RAND()*0.1+B37-0.1 -> 0.38379897 | D37: =D38-0.005 -> 0.5151 | E37: =RAND()*0.2+D37-0.2 -> 0.34265023 | G37: =G38-0.058 -> 0.4332 | H37: =RAND()*0.2+G37-0.2 -> 0.36957856
A38: =A37+1 -> 41311 | B38: =B39-0.002 -> 0.441 | C38: =RAND()*0.1+B38-0.02 -> 0.42425723 | D38: =D39-0.0045 -> 0.5201 | E38: =RAND()*0.2+D38-0.2 -> 0.32384737 | G38: =G39-0.058 -> 0.4912 | H38: =RAND()*0.2+G38-0.2 -> 0.42130723
A39: =A38+1 -> 41312 | B39: =B40-0.002 -> 0.443 | C39: =RAND()*0.1+B39-0.02 -> 0.4506165 | D39: =D40-0.0045 -> 0.5246 | E39: =RAND()*0.2+D39-0.2 -> 0.48810554 | G39: =G40-0.058 -> 0.5492 | H39: =RAND()*0.2+G39-0.2 -> 0.40525351
A40: =A39+1 -> 41313 | B40: =B41-0.002 -> 0.445 | C40: =RAND()*0.1+B40-0.02 -> 0.4999881 | D40: =D41-0.0045 -> 0.5291 | E40: =RAND()*0.2+D40-0.2 -> 0.33643215 | G40: =G41-0.058 -> 0.6072 | H40: =RAND()*0.2+G40-0.2 -> 0.55436692
A41: =A40+1 -> 41314 | B41: =B42-0.002 -> 0.447 | C41: =RAND()*0.1+B41-0.02 -> 0.51741999 | D41: =D42-0.0045 -> 0.5336 | E41: =RAND()*0.2+D41-0.2 -> 0.42148313 | G41: =G42-0.058 -> 0.6652 | H41: =RAND()*0.2+G41-0.2 -> 0.6201207
A42: =A41+1 -> 41315 | B42: =B43-0.002 -> 0.449 | C42: =RAND()*0.1+B42-0.02 -> 0.45971271 | D42: =D43-0.0045 -> 0.5381 | E42: =RAND()*0.2+D42-0.2 -> 0.42220352 | G42: =G43-0.058 -> 0.7232 | H42: =RAND()*0.2+G42-0.2 -> 0.71340024
A43: =A42+1 -> 41316 | B43: =B44-0.002 -> 0.451 | C43: =RAND()*0.1+B43-0.02 -> 0.50559378 | D43: =D44-0.0045 -> 0.5426 | E43: =RAND()*0.2+D43-0.2 -> 0.52518531 | G43: =G45+0.045 -> 0.7812 | H43: =0.59 -> 0.59
A44: =A43+1 -> 41317 | B44: =B45-0.002 -> 0.453 | C44: =RAND()*0.1+B44-0.02 -> 0.53112983 | D44: =D45-0.0045 -> 0.5471 | E44: =RAND()*0.2+D44-0.2 -> 0.54650597 | G44: =G46+0.045 -> 0.7826 | H44: =RAND()*0.2+G44-0.2 -> 0.61947723
A45: =A44+1 -> 41318 | B45: =B46-0.002 -> 0.455 | C45: =RAND()*0.1+B45-0.02 -> 0.45139277 | D45: =D46-0.0045 -> 0.5516 | E45: =RAND()*0.2+D45-0.2 -> 0.48947695 | G45: =G47+0.045 -> 0.7362 | H45: =RAND()*0.2+G45-0.2 -> 0.56496002
A46: =A45+1 -> 41319 | B46: =B47-0.002 -> 0.457 | C46: =RAND()*0.1+B46-0.02 -> 0.46377512 | D46: =D47-0.0045 -> 0.5561 | E46: =RAND()*0.2+D46-0.2 -> 0.5064481 | G46: =G48+0.045 -> 0.7376 | H46: =RAND()*0.2+G46-0.2 -> 0.55562304
A47: =A46+1 -> 41320 | B47: =B48-0.002 -> 0.459 | C47: =RAND()*0.1+B47-0.02 -> 0.4775938 | D47: =D48-0.0045 -> 0.5606 | E47: =RAND()*0.2+D47-0.2 -> 0.38576381 | G47: =G49+0.045 -> 0.6912 | H47: =RAND()*0.2+G47-0.2 -> 0.60485622
A48: =A47+1 -> 41321 | B48: =B49-0.002 -> 0.461 | C48: =RAND()*0.1+B48-0.02 -> 0.45519757 | D48: =D49-0.0045 -> 0.5651 | E48: =RAND()*0.2+D48-0.2 -> 0.44948161 | G48: =G50+0.045 -> 0.6926 | H48: =RAND()*0.2+G48-0.2 -> 0.59019548
A49: =A48+1 -> 41322 | B49: =B50-0.002 -> 0.463 | C49: =RAND()*0.1+B49-0.02 -> 0.5135652 | D49: =D50-0.0045 -> 0.5696 | E49: =RAND()*0.2+D49-0.2 -> 0.45580645 | G49: =G51+0.045 -> 0.6462 | H49: =RAND()*0.2+G49-0.2 -> 0.58777588
A50: =A49+1 -> 41323 | B50: =B51-0.002 -> 0.465 | C50: =RAND()*0.1+B50-0.02 -> 0.49991652 | D50: =D51-0.0045 -> 0.5741 | E50: =RAND()*0.2+D50-0.2 -> 0.45436212 | G50: =G52+0.045 -> 0.6476 | H50: =RAND()*0.2+G50-0.2 -> 0.52173327
A51: =A50+1 -> 41324 | B51: =B52-0.002 -> 0.467 | C51: =RAND()*0.1+B51-0.02 -> 0.53909261 | D51: =D52-0.0045 -> 0.5786 | E51: =RAND()*0.2+D51-0.2 -> 0.43352111 | G51: =G52-0.0014 -> 0.6012 | H51: =RAND()*0.2+G51-0.2 -> 0.53214341
A52: =A51+1 -> 41325 | B52: =B53-0.002 -> 0.469 | C52: =RAND()*0.1+B52-0.02 -> 0.50310313 | D52: =D53-0.0045 -> 0.5831 | E52: =RAND()*0.2+D52-0.2 -> 0.4039914 | G52: =G53-0.0014 -> 0.6026 | H52: =RAND()*0.2+G52-0.2 -> 0.40284339
A53: =A52+1 -> 41326 | B53: =B54-0.002 -> 0.471 | C53: =RAND()*0.1+B53-0.02 -> 0.47091689 | D53: =D54-0.0045 -> 0.5876 | E53: =RAND()*0.2+D53-0.2 -> 0.55521611 | G53: =G54-0.0014 -> 0.604 | H53: =RAND()*0.2+G53-0.2 -> 0.55607757
A54: =A53+1 -> 41327 | B54: =B55-0.002 -> 0.473 | C54: =RAND()*0.1+B54-0.02 -> 0.52049344 | D54: =D55-0.0045 -> 0.5921 | E54: =RAND()*0.2+D54-0.2 -> 0.48245195 | G54: =G55-0.0014 -> 0.6054 | H54: =RAND()*0.2+G54-0.2 -> 0.59080852
A55: =A54+1 -> 41328 | B55: =B56-0.002 -> 0.475 | C55: =RAND()*0.1+B55-0.02 -> 0.46904158 | D55: =D56-0.0045 -> 0.5966 | E55: =RAND()*0.2+D55-0.2 -> 0.47317411 | G55: =G56-0.0014 -> 0.6068 | H55: =RAND()*0.2+G55-0.2 -> 0.59209374
A56: =A55+1 -> 41329 | B56: =B57-0.009 -> 0.477 | C56: =RAND()*0.1+B56-0.02 -> 0.47753336 | D56: =D57-0.0045 -> 0.6011 | E56: =RAND()*0.2+D56-0.2 -> 0.51951967 | G56: =G57-0.0014 -> 0.6082 | H56: =RAND()*0.2+G56-0.2 -> 0.43189281
A57: =A56+1 -> 41330 | B57: =B58-0.002 -> 0.486 | C57: =RAND()*0.1+B57-0.02 -> 0.50304414 | D57: =D58-0.0045 -> 0.6056 | E57: =RAND()*0.2+D57-0.2 -> 0.41511262 | G57: =G58-0.0014 -> 0.6096 | H57: =RAND()*0.2+G57-0.2 -> 0.50242026
A58: =A57+1 -> 41331 | B58: =B59-0.002 -> 0.488 | C58: =RAND()*0.1+B58-0.02 -> 0.51728901 | D58: =D59-0.0045 -> 0.6101 | E58: =RAND()*0.2+D58-0.2 -> 0.4526013 | G58: =G59-0.0014 -> 0.611 | H58: =RAND()*0.2+G58-0.2 -> 0.5172671
A59: =A58+1 -> 41332 | B59: =B60-0.002 -> 0.49 | C59: =RAND()*0.1+B59-0.02 -> 0.56785389 | D59: =D60+0.005 -> 0.6146 | E59: =RAND()*0.2+D59-0.2 -> 0.5562247 | G59: =G60-0.0014 -> 0.6124 | H59: =RAND()*0.2+G59-0.2 -> 0.54676812
A60: =A59+1 -> 41333 | B60: =B61-0.002 -> 0.492 | C60: =RAND()*0.1+B60-0.02 -> 0.47782532 | D60: =D61+0.005 -> 0.6096 | E60: =RAND()*0.2+D60-0.2 -> 0.48481256 | G60: =G61-0.0014 -> 0.6138 | H60: =RAND()*0.2+G60-0.2 -> 0.50761427
A61: =A60+1 -> 41334 | B61: =B62-0.002 -> 0.494 | C61: =RAND()*0.1+B61-0.02 -> 0.47451031 | D61: =D62+0.005 -> 0.6046 | E61: =RAND()*0.2+D61-0.2 -> 0.56928873 | G61: =G62-0.0014 -> 0.6152 | H61: =RAND()*0.2+G61-0.2 -> 0.52336295
A62: =A61+1 -> 41335 | B62: =B63-0.002 -> 0.496 | C62: =RAND()*0.1+B62-0.02 -> 0.48578562 | D62: =D63+0.005 -> 0.5996 | E62: =RAND()*0.2+D62-0.2 -> 0.52996204 | G62: =G63-0.0014 -> 0.6166 | H62: =RAND()*0.2+G62-0.2 -> 0.52627668
A63: =A62+1 -> 41336 | B63: =B64-0.002 -> 0.498 | C63: =RAND()*0.1+B63-0.02 -> 0.52711413 | D63: =D64+0.005 -> 0.5946 | E63: =RAND()*0.2+D63-0.2 -> 0.55330925 | G63: =G64-0.0014 -> 0.618 | H63: =RAND()*0.2+G63-0.2 -> 0.4407518
A64: =A63+1 -> 41337 | B64: =B65-0.002 -> 0.5 | C64: =RAND()*0.1+B64-0.02 -> 0.52108832 | D64: =D65+0.005 -> 0.5896 | E64: =RAND()*0.2+D64-0.2 -> 0.55872805 | G64: =G65-0.0014 -> 0.6194 | H64: =RAND()*0.2+G64-0.2 -> 0.56378887
A65: =A64+1 -> 41338 | B65: =B66-0.002 -> 0.502 | C65: =RAND()*0.1+B65-0.02 -> 0.563531 | D65: =D66+0.005 -> 0.5846 | E65: =RAND()*0.2+D65-0.2 -> 0.46534027 | G65: =G66-0.0014 -> 0.6208 | H65: =RAND()*0.2+G65-0.2 -> 0.46759016
A66: =A65+1 -> 41339 | B66: =B67-0.002 -> 0.504 | C66: =RAND()*0.1+B66-0.02 -> 0.58091046 | D66: =D67+0.005 -> 0.5796 | E66: =RAND()*0.2+D66-0.2 -> 0.50302762 | G66: =G67-0.0014 -> 0.6222 | H66: =RAND()*0.2+G66-0.2 -> 0.57403854
A67: =A66+1 -> 41340 | B67: =B68-0.002 -> 0.506 | C67: =RAND()*0.1+B67-0.02 -> 0.5294068 | D67: =D68+0.005 -> 0.5746 | E67: =RAND()*0.2+D67-0.2 -> 0.42840755 | G67: =G68-0.0014 -> 0.6236 | H67: =RAND()*0.2+G67-0.2 -> 0.50159528
A68: =A67+1 -> 41341 | B68: =B69-0.002 -> 0.508 | C68: =RAND()*0.1+B68-0.02 -> 0.50855248 | D68: =D69+0.005 -> 0.5696 | E68: =RAND()*0.2+D68-0.2 -> 0.50246433 | G68: =G69-0.0014 -> 0.625 | H68: =RAND()*0.2+G68-0.2 -> 0.58551857
A69: =A68+1 -> 41342 | B69: =B70-0.002 -> 0.51 | C69: =RAND()*0.1+B69-0.02 -> 0.5447664 | D69: =D70+0.005 -> 0.5646 | E69: =RAND()*0.2+D69-0.2 -> 0.55075506 | G69: =G70-0.0014 -> 0.6264 | H69: =RAND()*0.2+G69-0.2 -> 0.53262217
A70: =A69+1 -> 41343 | B70: =B71-0.002 -> 0.512 | C70: =RAND()*0.1+B70-0.02 -> 0.51708546 | D70: =D71+0.005 -> 0.5596 | E70: =RAND()*0.2+D70-0.2 -> 0.45937189 | G70: =G71-0.0014 -> 0.6278 | H70: =RAND()*0.2+G70-0.2 -> 0.55731627
... A75: =A74+1 -> 41348 | B75: =B76-0.002 -> 0.522 | C75: =RAND()*0.1+B75-0.02 -> 0.50738084 | D75: =D76+0.005 -> 0.5346 | E75: =RAND()*0.2+D75-0.2 -> 0.46939181 | G75: =G76-0.0014 -> 0.6348 | H75: =RAND()*0.2+G75-0.2 -> 0.53572226
A76: =A75+1 -> 41349 | B76: =B77+0.02 -> 0.524 | C76: =RAND()*0.1+B76-0.02 -> 0.54364684 | D76: =D77+0.005 -> 0.5296 | E76: =RAND()*0.2+D76-0.2 -> 0.46319939 | G76: =G77-0.0014 -> 0.6362 | H76: =RAND()*0.2+G76-0.2 -> 0.57729943
A77: =A76+1 -> 41350 | B77: =B78+0.02 -> 0.504 | C77: =RAND()*0.1+B77-0.02 -> 0.52457644 | D77: =D78-0.0048 -> 0.5246 | E77: =RAND()*0.2+D77-0.2 -> 0.43269966 | G77: =G78-0.0014 -> 0.6376 | H77: =RAND()*0.2+G77-0.2 -> 0.47403216
A78: =A77+1 -> 41351 | B78: =B79+0.02 -> 0.484 | C78: =RAND()*0.1+B78-0.02 -> 0.48724407 | D78: =D79-0.0048 -> 0.5294 | E78: =RAND()*0.2+D78-0.2 -> 0.32981773 | G78: =G79-0.0014 -> 0.639 | H78: =RAND()*0.2+G78-0.2 -> 0.63298118
A79: =A78+1 -> 41352 | B79: =B80+0.02 -> 0.464 | C79: =RAND()*0.1+B79-0.02 -> 0.47088654 | D79: =D80-0.0048 -> 0.5342 | E79: =RAND()*0.2+D79-0.2 -> 0.39519485 | G79: =G80-0.0014 -> 0.6404 | H79: =RAND()*0.2+G79-0.2 -> 0.45682009
A80: =A79+1 -> 41353 | B80: =B81+0.02 -> 0.444 | C80: =RAND()*0.1+B80-0.02 -> 0.43986994 | D80: =D81-0.0048 -> 0.539 | E80: =RAND()*0.2+D80-0.2 -> 0.38469711 | G80: =G81-0.0014 -> 0.6418 | H80: =RAND()*0.2+G80-0.2 -> 0.44541055
A81: =A80+1 -> 41354 | B81: =B82+0.02 -> 0.424 | C81: =RAND()*0.1+B81-0.02 -> 0.4562602 | D81: =D82-0.0048 -> 0.5438 | E81: =RAND()*0.2+D81-0.2 -> 0.49408789 | G81: =G82-0.0014 -> 0.6432 | H81: =RAND()*0.2+G81-0.2 -> 0.60645108
A82: =A81+1 -> 41355 | B82: =B83-0.04 -> 0.404 | C82: =RAND()*0.1+B82-0.02 -> 0.45579322 | D82: =D83-0.0048 -> 0.5486 | E82: =RAND()*0.2+D82-0.2 -> 0.42926275 | G82: =G83-0.0014 -> 0.6446 | H82: =RAND()*0.2+G82-0.2 -> 0.55177658
A83: =A82+1 -> 41356 | B83: =B84-0.03 -> 0.444 | C83: =RAND()*0.2+B83-0.2 -> 0.27118008 | D83: =D84-0.0048 -> 0.5534 | E83: =RAND()*0.2+D83-0.2 -> 0.47698961 | G83: =G84-0.0014 -> 0.646 | H83: =RAND()*0.2+G83-0.2 -> 0.63201156
A84: =A83+1 -> 41357 | B84: =B85-0.03 -> 0.474 | C84: =RAND()*0.2+B84-0.2 -> 0.44628306 | D84: =D85-0.0048 -> 0.5582 | E84: =RAND()*0.2+D84-0.2 -> 0.37789706 | G84: =G85-0.0014 -> 0.6474 | H84: =RAND()*0.2+G84-0.2 -> 0.6115197
A85: =A84+1 -> 41358 | B85: =B86-0.03 -> 0.504 | C85: =RAND()*0.2+B85-0.2 -> 0.48185182 | D85: =D86-0.0048 -> 0.563 | E85: =RAND()*0.2+D85-0.2 -> 0.5012107 | G85: =G86-0.0014 -> 0.6488 | H85: =RAND()*0.2+G85-0.2 -> 0.465542
A86: =A85+1 -> 41359 | B86: =B87-0.03 -> 0.534 | C86: =RAND()*0.2+B86-0.2 -> 0.52932277 | D86: =D87-0.0048 -> 0.5678 | E86: =RAND()*0.2+D86-0.2 -> 0.48888348 | G86: =G87-0.0014 -> 0.6502 | H86: =RAND()*0.2+G86-0.2 -> 0.49977662
A87: =A86+1 -> 41360 | B87: =B88-0.03 -> 0.564 | C87: =RAND()*0.2+B87-0.2 -> 0.46361746 | D87: =D88-0.0048 -> 0.5726 | E87: =RAND()*0.2+D87-0.2 -> 0.40457559 | G87: =G88-0.0014 -> 0.6516 | H87: =RAND()*0.2+G87-0.2 -> 0.45172715
A88: =A87+1 -> 41361 | B88: =B89-0.03 -> 0.594 | C88: =RAND()*0.2+B88-0.2 -> 0.48084628 | D88: =D89-0.0048 -> 0.5774 | E88: =RAND()*0.2+D88-0.2 -> 0.52135471 | G88: =G89-0.0014 -> 0.653 | H88: =RAND()*0.2+G88-0.2 -> 0.62235578
A89: =A88+1 -> 41362 | B89: =B90-0.03 -> 0.624 | C89: =RAND()*0.2+B89-0.2 -> 0.57732752 | D89: =D90-0.0048 -> 0.5822 | E89: =RAND()*0.2+D89-0.2 -> 0.4542709 | G89: =G90-0.0014 -> 0.6544 | H89: =RAND()*0.2+G89-0.2 -> 0.4844203
A90: =A89+1 -> 41363 | B90: =B91+0.05 -> 0.654 | C90: =RAND()*0.2+B90-0.2 -> 0.50120096 | D90: =D91-0.0048 -> 0.587 | E90: =RAND()*0.2+D90-0.2 -> 0.45557046 | G90: =G91-0.0014 -> 0.6558 | H90: =RAND()*0.2+G90-0.2 -> 0.53285105
A91: =A90+1 -> 41364 | B91: =B92+0.05 -> 0.604 | C91: =RAND()*0.2+B91-0.2 -> 0.46730556 | D91: =D92-0.0048 -> 0.5918 | E91: =RAND()*0.2+D91-0.2 -> 0.58033657 | G91: =G92-0.0014 -> 0.6572 | H91: =RAND()*0.2+G91-0.2 -> 0.65666682
A92: =A91+1 -> 41365 | B92: =B93+0.05 -> 0.554 | C92: =RAND()*0.2+B92-0.2 -> 0.46666278 | D92: =D93-0.0048 -> 0.5966 | E92: =RAND()*0.2+D92-0.2 -> 0.55456955 | G92: =G93-0.0014 -> 0.6586 | H92: =RAND()*0.2+G92-0.2 -> 0.6016347
A93: =A92+1 -> 41366 | B93: =B94+0.05 -> 0.504 | C93: =RAND()*0.2+B93-0.2 -> 0.39755168 | D93: =D94-0.0048 -> 0.6014 | E93: =RAND()*0.2+D93-0.2 -> 0.55169825 | G93: =G94-0.0014 -> 0.66 | H93: =RAND()*0.2+G93-0.2 -> 0.56004701
A94: =A93+1 -> 41367 | B94: =B95-0.005 -> 0.454 | C94: =RAND()*0.2+B94-0.2 -> 0.450976 | D94: =D95-0.0048 -> 0.6062 | E94: =RAND()*0.2+D94-0.2 -> 0.54693212 | G94: =G95-0.0014 -> 0.6614 | H94: =RAND()*0.2+G94-0.2 -> 0.50488596
A95: =A94+1 -> 41368 | B95: =B96-0.009 -> 0.459 | C95: =RAND()*0.2+B95-0.2 -> 0.44864279 | D95: =D96-0.0048 -> 0.611 | E95: =RAND()*0.2+D95-0.2 -> 0.53574902 | G95: =G96-0.0014 -> 0.6628 | H95: =RAND()*0.2+G95-0.2 -> 0.59258266
A96: =A95+1 -> 41369 | B96: =B97-0.009 -> 0.468 | C96: =RAND()*0.2+B96-0.2 -> 0.31015015 | D96: =D97-0.0048 -> 0.6158 | E96: =RAND()*0.2+D96-0.2 -> 0.43889016 | G96: =G97-0.0014 -> 0.6642 | H96: =RAND()*0.2+G96-0.2 -> 0.59278716
A97: =A96+1 -> 41370 | B97: =B98-0.009 -> 0.477 | C97: =RAND()*0.2+B97-0.2 -> 0.35749116 | D97: =D98-0.0048 -> 0.6206 | E97: =RAND()*0.2+D97-0.2 -> 0.53185854 | G97: =G98-0.0014 -> 0.6656 | H97: =RAND()*0.2+G97-0.2 -> 0.49769632
A98: =A97+1 -> 41371 | B98: =B99-0.009 -> 0.486 | C98: =RAND()*0.2+B98-0.2 -> 0.30320822 | D98: =D99-0.0048 -> 0.6254 | E98: =RAND()*0.2+D98-0.2 -> 0.51857507 | G98: =G99-0.0014 -> 0.667 | H98: =RAND()*0.2+G98-0.2 -> 0.6455345
A99: =A98+1 -> 41372 | B99: =B100-0.009 -> 0.495 | C99: =RAND()*0.2+B99-0.2 -> 0.38508396 | D99: =D100-0.0048 -> 0.6302 | E99: =RAND()*0.2+D99-0.2 -> 0.52945052 | G99: =G100-0.0014 -> 0.6684 | H99: =RAND()*0.2+G99-0.2 -> 0.50874445
A100: =A99+1 -> 41373 | B100: =B101-0.009 -> 0.504 | C100: =RAND()*0.2+B100-0.2 -> 0.4001504 | D100: =D101-0.0048 -> 0.635 | E100: =RAND()*0.2+D100-0.2 -> 0.5055166 | G100: =G101-0.0014 -> 0.6698 | H100: =RAND()*0.2+G100-0.2 -> 0.49701607
A101: =A100+1 -> 41374 | B101: =B102-0.009 -> 0.513 | C101: =RAND()*0.1+B101-0.1 -> 0.44080074 | D101: =D102-0.0048 -> 0.6398 | E101: =RAND()*0.2+D101-0.2 -> 0.48017464 | G101: =G102-0.0014 -> 0.6712 | H101: =RAND()*0.2+G101-0.2 -> 0.54122381
A102: =A101+1 -> 41375 | B102: =B103-0.009 -> 0.522 | C102: =RAND()*0.1+B102-0.1 -> 0.50053751 | D102: =D103-0.0048 -> 0.6446 | E102: =RAND()*0.2+D102-0.2 -> 0.48051939 | G102: =G103-0.0014 -> 0.6726 | H102: =RAND()*0.2+G102-0.2 -> 0.53324387
A103: =A102+1 -> 41376 | B103: =B104-0.009 -> 0.531 | C103: =RAND()*0.1+B103-0.1 -> 0.44809801 | D103: =D104-0.0048 -> 0.6494 | E103: =RAND()*0.2+D103-0.2 -> 0.57805883 | G103: =G104-0.0014 -> 0.674 | H103: =RAND()*0.2+G103-0.2 -> 0.51048884
A104: =A103+1 -> 41377 | B104: =B105-0.009 -> 0.54 | C104: =RAND()*0.1+B104-0.1 -> 0.52277043 | D104: =D105-0.0048 -> 0.6542 | E104: =RAND()*0.2+D104-0.2 -> 0.65321033 | G104: =G105-0.0014 -> 0.6754 | H104: =RAND()*0.2+G104-0.2 -> 0.64998002
...

Sheet Efficiency
A2: Utilization Trend | I2: Date
A3: All Machines | G3: 41428
A7: Machine | C7: Availbility | E7: Performance | G7: Quality | I7: OEE
A9: CNC-01 | C9: ='Daily - CNC-01 '!A16/'Daily - CNC-01 '!A17 -> 0.73666667 | E9: 0.89 | G9: 0.93 | H9: 1 | I9: =G9*E9*C9 -> 0.609739
A10: CNC-02 | C10: ='Daily - CNC-02'!A16/'Daily - CNC-02'!A17 -> 0.73666667 | E10: 0.83 | G10: 0.74 | I10: =G10*E10*C10 -> 0.45246067
A11: CNC-03 | C11: ='Daily - CNC-03'!A16/'Daily - CNC-03'!A17 -> 0.73666667 | E11: 0.74 | G11: 0.68 | I11: =G11*E11*C11 -> 0.37069067
A12: AUTOCL. | C12: ='Daily - HCN'!A15/'Daily - HCN'!A16 -> 0.67541667 | E12: 0.91 | G12: 0.73 | I12: =G12*E12*C12 -> 0.44867929
A13: OVEN-101 | C13: ='Daily - NCT'!A15/'Daily - NCT'!A16 -> 0.62601852 | E13: 0.97 | G13: 0.88 | I13: =G13*E13*C13 -> 0.53436941

Sheet Efficiency - ASSET 1 - Shift 1
A1: Utilization Trend | E1: Date : | J1: 41427
A2: CNC-01 | B2: Shift 1
A4: Shift 1:
A5: Machine | C5: Availbility | E5: OEE | G5: Evolution (1 month) | J5: Evolution (6 month)
A7: Shift Duration | C7: 480
A8: Operation Time | C8: 297
A9: Availability | C9: 0.625
A10: Units Produced | C10: 463
A11: Good units | C11: 430
A12: Quality | C12: 0.93
A13: Rate | C13: 1.44
A14: Performance | C14: 0.89
E15: 0.5173 | G15: -0.02 | J15: ="+34%" -> +34%
A17: Shift 2:
A18: Machine | C18: Availbility | E18: OEE | G18: Evolution (1 month) | J18: Evolution (6 month)
A20: Shift Duration | C20: 480
A21: Operation Time | C21: 282
A22: Availability | C22: 0.5875
A23: Units Produced | C23: 442
A24: Good units | C24: 408
A25: Quality | C25: 0.923
A26: Rate | C26: 1.44
A27: Performance | C27: 0.89
E28: 0.4749 | G28: -0.04 | J28: ="+12%" -> +12%
A30: Shift 3:
A31: Machine | C31: Availbility | E31: OEE | G31: Evolution (1 month) | J31: Evolution (6 month)
A33: Shift Duration | C33: 480
A34: Operation Time | C34: 358
A35: Availability | C35: 0.7458
A36: Units Produced | C36: 473
A37: Good units | C37: 468
A38: Quality | C38: 0.9894
A39: Rate | C39: 1.3
A40: Performance | C40: 0.77
E41: 0.5584 | G41: 0.08 | J41: ="+34%" -> +34%

Sheet Sheet1
